,open,high,low,close,volume
2023-01-01,31000.0,32580.757806278256,30398.76303174981,31942.17004522548,3040833.53235623
2023-01-02,31942.17004522548,32182.431095124666,31778.695191074923,32028.445938891586,3008614.6279719877
2023-01-03,32028.445938891586,32178.453437657707,31811.550201012353,31932.595701983606,4239906.163494631
2023-01-04,31932.595701983606,32045.24785556987,31883.306705967305,31939.221773436795,2763259.8902653516
2023-01-05,31939.221773436795,32443.060750127734,31865.003834590352,32166.84569841113,3401775.2523054937
2023-01-06,32166.84569841113,32269.060460409488,31867.01818430657,31968.806814420874,3281567.291906356
2023-01-07,31968.806814420874,32104.16940853508,31873.11312734015,32029.72904464554,3606534.0658314805
2023-01-08,32029.72904464554,32541.578671589963,31638.747769055673,32418.864672112246,2925539.4595617903
2023-01-09,32418.864672112246,33248.28899898386,32239.93152634727,32889.85247895619,6553306.873030981
2023-01-10,32889.85247895619,33151.39036625092,32356.28342417624,32637.33806479519,4922367.197532138
2023-01-11,32637.33806479519,33799.329534832614,32236.466090845588,33354.20252514607,1542551.9384461713
2023-01-12,33354.20252514607,33614.9933526801,33176.76225481819,33440.287314865855,3910310.1298127947
2023-01-13,33440.287314865855,34084.30342316083,33050.53504664373,33888.009153316,4089864.7662722925
2023-01-14,33888.009153316,34155.22964920605,33156.149727839154,33335.44026930107,3605531.8874230543
2023-01-15,33335.44026930107,33539.29751421936,32536.185868461576,32893.05073302821,2570854.2829755605
2023-01-16,32893.05073302821,33969.60635490983,32372.821723226145,33672.391819411074,3972552.764640734
2023-01-17,33672.391819411074,33864.97305219635,33411.51910527052,33540.43171249934,1718065.3098661208
2023-01-18,33540.43171249934,33665.330701951825,33497.64752549724,33556.77650676344,4077707.0622392124
2023-01-19,33556.77650676344,34255.64550493497,32360.368151666447,32588.248703318877,4118732.0104122036
2023-01-20,32588.248703318877,32891.999653949075,31957.02879840322,32290.060470188804,4344347.803105962
2023-01-21,32290.060470188804,32474.07034794759,30645.851072192894,31132.060948007947,3315609.7637006426
2023-01-22,31132.060948007947,31394.23327660404,30846.795390479463,30910.22161407599,3583550.3676611204
2023-01-23,30910.22161407599,31028.630716257616,30573.137235294555,30680.899891179415,3579722.7450894844
2023-01-24,30680.899891179415,31939.756051604272,30447.409108791606,31691.12415342506,4338837.851997391
2023-01-25,31691.12415342506,31782.971196078248,31516.794615846695,31617.50034131662,3896251.864887436
2023-01-26,31617.50034131662,31953.585635688778,31433.116332136135,31863.377147899657,3646159.2883012015
2023-01-27,31863.377147899657,32066.52930108609,31291.08232936072,31487.592972575807,6913102.942805276
2023-01-28,31487.592972575807,31790.822104175804,30059.513758426136,30530.963830329463,3521338.7285445537
2023-01-29,30530.963830329463,30664.770253103296,30462.713744436493,30618.85169770552,2359542.703364208
2023-01-30,30618.85169770552,30727.334132320648,30273.843018312695,30443.417704569933,1946351.0106801593
2023-01-31,30443.417704569933,30570.975602829396,30318.720206069163,30369.73475545497,2608329.564262198
2023-02-01,30369.73475545497,30900.874344751348,30162.926616331173,30695.37090973466,5830515.664984898
2023-02-02,30695.37090973466,30850.463393173584,30292.80184225912,30538.20215755148,2126310.738190524
2023-02-03,30538.20215755148,30610.882456563617,30456.03172832201,30539.32444441159,2447506.785119764
2023-02-04,30539.32444441159,31183.94045605742,30399.100760120837,30972.344615146878,2532482.27769889
2023-02-05,30972.344615146878,31019.245777715445,30900.93241522282,30975.794859534013,2685400.7844612394
2023-02-06,30975.794859534013,31269.781478136363,30730.702284632735,31208.27682470062,2303570.4200893994
2023-02-07,31208.27682470062,32346.423040701324,30850.213295444533,31860.473203209865,7311053.753456113
2023-02-08,31860.473203209865,33151.37003329707,31442.370219379005,32685.946035604262,4343871.402794487
2023-02-09,32685.946035604262,32764.04271438493,32580.601058795142,32622.16695679963,4973275.577394075
2023-02-10,32622.16695679963,33489.05397049151,32466.87424758252,33101.431560865625,3473482.9658912434
2023-02-11,33101.431560865625,33234.31284649523,32984.733715086666,33133.122681910616,3349360.8060587565
2023-02-12,33133.122681910616,33702.09069878743,32988.808984022995,33413.134643188765,5947710.797022317
2023-02-13,33413.134643188765,33993.28430115902,33146.565842085874,33723.693324407956,1819651.1953501166
2023-02-14,33723.693324407956,34023.93840261751,33499.80401434322,33849.544958982515,3305849.8921831874
2023-02-15,33849.544958982515,34211.37433231698,32282.876997324594,32651.178160619158,2914415.0236150944
2023-02-16,32651.178160619158,33358.26843730593,32197.32084792994,33235.48050146167,3096414.5751845026
2023-02-17,33235.48050146167,34068.68708435349,32803.89101104717,33713.30187210321,2140577.933807909
2023-02-18,33713.30187210321,33970.80892685592,33283.05710208013,33469.19119351789,3574042.3936404767
2023-02-19,33469.19119351789,33613.060174342885,33340.56077262991,33445.9495659283,4122147.1315455944
2023-02-20,33445.9495659283,34262.43321982097,33304.05580004637,33874.81985364112,5949414.481462762
2023-02-21,33874.81985364112,34042.1499243112,33780.80940211739,33870.723519231455,4252253.106589419
2023-02-22,33870.723519231455,34166.606211307124,33660.41796659806,33978.64554377385,3450897.760922543
2023-02-23,33978.64554377385,34344.232657682216,33915.58498951596,34152.872360161164,2577684.1603640495
2023-02-24,34152.872360161164,34776.72938815672,33982.80076216519,34438.084304277705,3470347.6194126857
2023-02-25,34438.084304277705,34801.61477828478,33980.18741922895,34083.43066397888,2748290.3482065056
2023-02-26,34083.43066397888,34220.088214041374,32909.48612471199,33425.00973798391,4441902.517713103
2023-02-27,33425.00973798391,34774.82345276556,33228.2426023473,34213.160726090435,6994847.256119632
2023-02-28,34213.160726090435,35489.396648427864,33889.83602546734,34988.005359595845,3400964.031167453
2023-03-01,34988.005359595845,35117.51037436813,34047.29868861348,34504.33341275649,3062479.5699236807
2023-03-02,34504.33341275649,34688.93941981925,34208.90838124618,34292.58481612509,3591588.4191408413
2023-03-03,34292.58481612509,34344.119868072645,34204.791708043296,34255.00904681942,3187296.192142756
2023-03-04,34255.00904681942,35358.04707981775,33818.902852916006,34943.151091509506,2704376.478736203
2023-03-05,34943.151091509506,35770.70859642743,32936.283718072504,33737.81089441498,3707692.8311022706
2023-03-06,33737.81089441498,34010.50957834133,32899.614795609734,33217.53578898145,6130703.806466235
2023-03-07,33217.53578898145,33730.43508766545,33080.256832116625,33535.53687761195,2358946.6274099937
2023-03-08,33535.53687761195,34385.97672096772,33255.67952297477,34164.08788727097,3660607.908704947
2023-03-09,34164.08788727097,34323.238584927356,33904.14027318718,34079.10974529991,2479767.791215983
2023-03-10,34079.10974529991,34290.79183484374,33642.22452058168,33831.83240315894,3821992.364896497
2023-03-11,33831.83240315894,34051.49180401587,33479.63169077744,33704.72691235009,4900822.179856327
2023-03-12,33704.72691235009,34660.90102786175,33445.063429830196,34268.35310726439,5242393.93152231
2023-03-13,34268.35310726439,34339.994324069005,34099.59934655699,34176.591518175235,2044033.379739982
2023-03-14,34176.591518175235,34365.06977173172,34010.77946910028,34092.53654050142,3339703.432705395
2023-03-15,34092.53654050142,34783.13613409709,33842.05189832688,34424.89848907825,3735784.3155550812
2023-03-16,34424.89848907825,35933.82022962006,33945.46635309414,35317.883628899246,3414160.94031629
2023-03-17,35317.883628899246,35988.22426579684,35056.26327689252,35667.26173215212,2269647.0734144854
2023-03-18,35667.26173215212,35778.113390053266,35434.894130986715,35534.012775075586,2399952.4788154764
2023-03-19,35534.012775075586,35608.635189510554,35239.08807508333,35402.50541952569,4151231.6995423585
2023-03-20,35402.50541952569,36313.90041278748,35217.774451870224,35948.508861744864,5639259.680995854
2023-03-21,35948.508861744864,37086.608067202265,35518.1581561334,36607.41017150894,4795393.761307246
2023-03-22,36607.41017150894,36967.84401098571,35830.555104579704,36003.204777413535,3279525.2431224314
2023-03-23,36003.204777413535,36145.44807873985,35530.503965025484,35811.9270612311,1959123.5250250215
2023-03-24,35811.9270612311,36019.139394030004,35744.864071394826,35927.068140097545,2399872.5234757024
2023-03-25,35927.068140097545,36686.0944429303,35513.39845059461,36351.88367930462,4600391.285807492
2023-03-26,36351.88367930462,36599.34051917957,35201.827420856134,35723.08685268529,4260327.772875727
2023-03-27,35723.08685268529,36211.15322879759,34073.905321093924,34533.69322074426,4889458.606046779
2023-03-28,34533.69322074426,34601.0916133004,34253.81271095174,34325.94903080792,3588851.7755576037
2023-03-29,34325.94903080792,34780.00004348867,34197.707393126075,34611.12494444588,3896648.6836603447
2023-03-30,34611.12494444588,35331.68426581177,34148.34123954245,35133.93991938586,7466950.652034357
2023-03-31,35133.93991938586,35249.15389138731,35010.007979418835,35141.72314928915,5305190.684670163
2023-04-01,35141.72314928915,35738.20188689466,34935.31147338612,35500.55170998499,2801975.7794872513
2023-04-02,35500.55170998499,36241.991189079425,35169.57553477684,35937.450023810576,2660869.364716956
2023-04-03,35937.450023810576,36253.025825234734,35295.73691056151,35545.90609852197,2314099.0995877604
2023-04-04,35545.90609852197,35855.01280455395,35317.2091505334,35784.957056831416,8878717.980495263
2023-04-05,35784.957056831416,35979.66893441365,35201.06359813161,35432.675579653675,2981054.6336813457
2023-04-06,35432.675579653675,35542.87666066185,35271.11786732901,35440.180246274445,2571791.2534026415
2023-04-07,35440.180246274445,35581.82726284958,35323.897912570894,35455.97293320795,2899321.6308567636
2023-04-08,35455.97293320795,35807.22334030691,34885.027465869854,35093.70281869777,4987802.122304446
2023-04-09,35093.70281869777,35435.8788137735,34389.8413896044,34565.366681039064,2999792.9285930083
2023-04-10,34565.366681039064,35062.21138273107,33342.100606112755,33748.49280057918,2030859.5266620205
2023-04-11,33748.49280057918,33983.81127161728,33354.79038548877,33539.287502133535,3545922.379230898
2023-04-12,33539.287502133535,33654.05433782041,33236.13332142017,33380.08664743738,2202782.9185130317
2023-04-13,33380.08664743738,34162.39510929417,33167.29576131793,33908.371993117835,7722440.651277674
2023-04-14,33908.371993117835,34996.0038949791,33789.56633774246,34537.638034028074,4484814.083865106
2023-04-15,34537.638034028074,34812.72750106087,33879.39337525142,34101.18993209015,5911918.807641273
2023-04-16,34101.18993209015,35980.20703491328,33773.01692208181,35462.37365229272,5765832.0972515885
2023-04-17,35462.37365229272,35532.98985024466,35155.62219402714,35283.79732825679,3890856.9603073695
2023-04-18,35283.79732825679,35455.595416395605,35207.44148034089,35272.74594052958,3169335.0444845087
2023-04-19,35272.74594052958,35443.544031635254,35179.3774035447,35312.12198033154,3141152.322496345
2023-04-20,35312.12198033154,35541.77105166495,35193.03002712766,35386.28408861202,2285387.321572031
2023-04-21,35386.28408861202,35623.021146914856,35198.72937019306,35514.684286453994,5553117.855019361
2023-04-22,35514.684286453994,35781.14138133765,35324.19938746056,35650.41599462421,2979008.697478289
2023-04-23,35650.41599462421,35865.70955805973,35290.43406231991,35496.820386643965,2969035.3966306113
2023-04-24,35496.820386643965,35845.689402372875,34590.83678183326,35001.7854317638,3535441.597672217
2023-04-25,35001.7854317638,35095.60276111565,34630.85748377199,34799.65230221461,2800236.6945597664
2023-04-26,34799.65230221461,35189.181894608286,34732.98907804725,35029.58862011379,5249715.491502611
2023-04-27,35029.58862011379,37041.4176098937,34711.645373981024,36291.2252548051,3816510.6387730017
2023-04-28,36291.2252548051,36419.74921233218,35725.72913547257,35994.833197894885,2707570.7969935425
2023-04-29,35994.833197894885,37867.05473715398,35391.51824540048,37365.06919006615,2821582.561850338
2023-04-30,37365.06919006615,37598.15499896036,36086.610416275216,36672.16616353256,3850375.93937931
2023-05-01,36672.16616353256,37047.053465438315,36487.127227989724,36910.19947527414,2551746.1883575
2023-05-02,36910.19947527414,37208.232809742745,36795.73462302082,37142.12521440582,3229608.5578485173
2023-05-03,37142.12521440582,37619.85727537404,36477.36306645741,36648.36915517311,5675722.677199619
2023-05-04,36648.36915517311,37088.95585970167,36566.09592680474,36880.328019523186,2305109.328364357
2023-05-05,36880.328019523186,37293.37540400348,36044.071522907776,36417.114733108996,4483316.311832947
2023-05-06,36417.114733108996,36520.24488367811,36219.712952282556,36376.99660428019,2950851.114460073
2023-05-07,36376.99660428019,36728.47524941942,35670.552189258306,35890.880039483716,4023541.109378543
2023-05-08,35890.880039483716,36031.55721064069,35395.40756500674,35680.316529105956,2763974.7758598966
2023-05-09,35680.316529105956,35889.745914020255,34935.87166227514,35262.92727702505,5370442.302105295
2023-05-10,35262.92727702505,35668.45019928121,34688.579554234595,34856.06760064208,3094206.9533034363
2023-05-11,34856.06760064208,35343.256466289575,34731.95878439526,35060.542797669455,4590417.945636287
2023-05-12,35060.542797669455,35920.23628798672,34685.4270529842,35707.90009714351,4135936.5261421395
2023-05-13,35707.90009714351,36307.065478887904,35355.33852179134,36173.30224084561,4475978.618223514
2023-05-14,36173.30224084561,36311.88145445473,35770.73662485988,35980.03979083356,3396527.8343551676
2023-05-15,35980.03979083356,37426.61446386977,35616.263099143915,36834.572472844906,4245729.191095344
2023-05-16,36834.572472844906,38130.491327330295,36193.29089753108,37622.15913182231,3499699.796221979
2023-05-17,37622.15913182231,38712.18276943237,37261.98139019329,38354.43047844416,4963041.659456641
2023-05-18,38354.43047844416,38736.60210481377,38074.7383147365,38525.68758056937,6970226.547958339
2023-05-19,38525.68758056937,38776.38342854617,38380.58877225145,38664.6163111292,3476162.27227835
2023-05-20,38664.6163111292,40018.63824062829,38259.181053532455,39399.979596544654,7444537.369056181
2023-05-21,39399.979596544654,41467.38685493301,38689.93836752067,40803.87896906615,4552021.521102158
2023-05-22,40803.87896906615,40985.71419160161,39576.531926573334,40104.8560963525,3375690.9086892493
2023-05-23,40104.8560963525,40510.40317980669,39460.763245754955,39742.142069963455,5586008.59163043
2023-05-24,39742.142069963455,40296.11285511435,39579.67812368792,40025.46624895996,2366250.107799152
2023-05-25,40025.46624895996,40494.73153261764,39827.86011742208,40203.20878604887,3253117.450317683
2023-05-26,40203.20878604887,40538.455543530574,39040.553270517914,39325.53114923909,3610502.067902928
2023-05-27,39325.53114923909,39570.3338509835,37851.27220466867,38480.81346127264,4158097.1545339483
2023-05-28,38480.81346127264,38893.42844196882,37281.56346072025,37805.097692051306,5137466.772408073
2023-05-29,37805.097692051306,38450.382770168064,37680.08547500189,38295.585505589246,2906711.616882905
2023-05-30,38295.585505589246,38446.366872268205,38032.60769067344,38148.300575897294,3520823.2153909467
2023-05-31,38148.300575897294,38509.859124194336,37626.911528531586,37852.11094704558,2013860.3236480267
2023-06-01,37852.11094704558,38829.411518470304,37376.58690349724,38494.84344971727,3462004.4169871546
2023-06-02,38494.84344971727,38981.05604595521,37571.55483689684,37871.88475504442,3596754.5588058094
2023-06-03,37871.88475504442,38300.806056834874,36122.33609493497,36721.04749794707,5109645.731846568
2023-06-04,36721.04749794707,37166.723802621644,36374.278189128745,37050.445521562986,2330554.787401701
2023-06-05,37050.445521562986,37457.98239067516,36538.66676301553,36663.04633606232,3633265.434572794
2023-06-06,36663.04633606232,37449.88900586982,36331.74058185631,37078.578717167795,2889024.3313328237
2023-06-07,37078.578717167795,37679.058284572544,35145.00997672172,35819.103904860254,4066807.733947559
2023-06-08,35819.103904860254,36216.34765205275,35588.994287409485,36048.18506285298,3264372.055918649
2023-06-09,36048.18506285298,36151.138513199585,35653.63858981517,35903.71922052655,4184533.52511628
2023-06-10,35903.71922052655,36736.396315568585,35700.974118188045,36411.35198135705,1783807.6904461577
2023-06-11,36411.35198135705,36892.62922230355,36113.05089038001,36675.11501275586,3068745.318957091
2023-06-12,36675.11501275586,36808.89818131862,36406.872069688994,36601.47802728453,2376958.494486252
2023-06-13,36601.47802728453,36745.59631563859,36420.7658090093,36579.42069275256,3152218.97085947
2023-06-14,36579.42069275256,36811.15223162298,36317.59334111897,36736.336693236466,4212589.524429874
2023-06-15,36736.336693236466,37241.52927185691,36479.62634517467,36982.81029674469,2562318.1379207224
2023-06-16,36982.81029674469,37250.35977128982,36090.78996277664,36369.36877535854,5069620.375036523
2023-06-17,36369.36877535854,36464.05499956546,35912.77952849176,36107.80120708401,3450011.6228388273
2023-06-18,36107.80120708401,36239.44651424487,35692.079539884464,35892.14560872841,3494253.7515716455
2023-06-19,35892.14560872841,36653.857432979465,35478.06483284599,36303.28800230503,4387287.079374202
2023-06-20,36303.28800230503,36541.30854938422,35756.39076490855,35984.61175579746,3183149.3909258544
2023-06-21,35984.61175579746,36185.33123207069,35396.97613058869,35620.340757324375,3795488.026570953
2023-06-22,35620.340757324375,35758.380860480116,34648.06066695817,35085.309386172485,4319867.496812187
2023-06-23,35085.309386172485,35314.10777146618,34918.03185174204,34974.533243517246,3386102.887167971
2023-06-24,34974.533243517246,35994.37658337306,34717.246055589916,35627.848577592405,4137177.5252313605
2023-06-25,35627.848577592405,35716.85493039969,35585.485760473406,35640.13371283639,2730115.176384496
2023-06-26,35640.13371283639,37115.363837327975,34965.286387245134,36488.645124023715,2678407.413689635
2023-06-27,36488.645124023715,36669.99744413319,35359.73460401145,35660.8633108474,4957480.683773934
2023-06-28,35660.8633108474,36166.968158161384,34919.25423282447,35035.01291523222,3614181.6695502275
2023-06-29,35035.01291523222,36080.353146602894,34827.92842527688,35652.56207979834,4396853.2826215
2023-06-30,35652.56207979834,35898.77785205463,35497.96942362803,35763.6386226587,3200196.044821422
2023-07-01,35763.6386226587,35961.97121885587,35559.24783105085,35809.208210409895,4571330.551910403
2023-07-02,35809.208210409895,36611.012961728164,35630.32338879019,36214.35110220255,2561213.9407022884
2023-07-03,36214.35110220255,36311.720496186965,36056.1618665701,36181.40417544735,3045966.086837465
2023-07-04,36181.40417544735,36432.05111783205,35965.37408865555,36359.533749831615,4176126.537458848
2023-07-05,36359.533749831615,36544.01819417865,36183.7207591811,36482.87358841149,3857362.1377229663
2023-07-06,36482.87358841149,37095.795895233394,36387.65195171082,36782.1377918994,4180340.514851511
2023-07-07,36782.1377918994,37304.927470300885,36578.438600647416,37119.50085333193,4121194.1314436793
2023-07-08,37119.50085333193,37458.430812236285,37011.97126520421,37256.714651041744,2204367.3711641226
2023-07-09,37256.714651041744,37822.478714307836,37076.69522815664,37631.785165561865,3126328.9170239144
2023-07-10,37631.785165561865,37726.26463730364,37432.551366228254,37599.58162402636,2536518.9280928606
2023-07-11,37599.58162402636,38490.26262514715,37332.43885686166,38081.018686930554,3662399.0054710545
2023-07-12,38081.018686930554,38808.22884155916,37981.235701432175,38546.15479821484,9041069.597511867
2023-07-13,38546.15479821484,39338.69552339963,38168.10571185752,38923.97930255166,4114217.7115280945
2023-07-14,38923.97930255166,39462.052575385474,38789.84574963347,39295.27889032455,2673123.414619715
2023-07-15,39295.27889032455,39469.68893451325,39152.016942790615,39306.68215213742,2949848.4036644157
2023-07-16,39306.68215213742,39662.96614689117,39034.65808357934,39566.93143662606,2975837.020283932
2023-07-17,39566.93143662606,40308.62636423122,39155.901845638924,39945.67725105648,3187353.8518869746
2023-07-18,39945.67725105648,40560.22362956782,39690.42202261991,40274.21910668103,3189184.6446696706
2023-07-19,40274.21910668103,41418.13025758174,40133.554184993074,40985.94919562769,6412943.126755775
2023-07-20,40985.94919562769,41297.9052981127,40795.85461834428,41074.03021793691,3761808.7359623257
2023-07-21,41074.03021793691,41508.13348736771,40963.764756015094,41403.148751227185,3051585.509334383
2023-07-22,41403.148751227185,41699.26820016481,41145.696187125104,41611.83371188898,4337490.008473761
2023-07-23,41611.83371188898,42498.45446566162,41200.91519821232,42175.30858791393,4107552.9897154635
2023-07-24,42175.30858791393,43031.76729317207,41920.19566088524,42727.70815593356,4001823.4311467074
2023-07-25,42727.70815593356,43375.52038778029,42352.812797735074,43247.33725986879,3751519.704779499
2023-07-26,43247.33725986879,43467.69566399324,43041.87943878544,43352.32384407632,2387204.836029636
2023-07-27,43352.32384407632,43547.372318917936,43087.16296208088,43438.398574982275,3287879.187920985
2023-07-28,43438.398574982275,44437.487757648545,43290.57265655255,44100.90522134269,5609100.747019355
2023-07-29,44100.90522134269,44940.330960875486,43670.776743465736,44485.987577814805,3264290.1501542563
2023-07-30,44485.987577814805,44809.32198215192,44304.18324755786,44627.08224455227,3357049.231507218
2023-07-31,44627.08224455227,45084.45096900629,44345.21527030005,44980.755695730186,3089132.475816325
2023-08-01,44980.755695730186,45501.22512949356,43966.628635953006,44206.05754136912,3466727.73559188
2023-08-02,44206.05754136912,44462.916885992614,42731.56288933051,43304.99053452775,2838696.5214262125
2023-08-03,43304.99053452775,43498.592581510806,43016.4517732696,43223.744625788575,5159087.57177182
2023-08-04,43223.744625788575,43582.05946409547,42495.50505736131,42732.56434810341,3085572.4221097166
2023-08-05,42732.56434810341,42822.63730728063,42248.828126884866,42512.87784546578,3258967.055691839
2023-08-06,42512.87784546578,42607.09824129312,42052.02777201272,42243.628886158716,4045264.074610883
2023-08-07,42243.628886158716,42404.972784193626,42069.74117995556,42249.02227782101,4620910.0073901685
2023-08-08,42249.02227782101,42370.81851380033,41621.6625328818,41844.33734002929,2870028.3011278613
2023-08-09,41844.33734002929,42127.53702195612,41249.155032067916,41559.85176413909,6601507.781025949
2023-08-10,41559.85176413909,42020.63723970003,40627.556806997934,40955.592962044095,1984805.34471222
2023-08-11,40955.592962044095,41124.81178725601,40146.5239711311,40462.62066325407,4648454.837446833
2023-08-12,40462.62066325407,41088.55149025796,40264.140974746726,40907.83402276354,2923883.2519580433
2023-08-13,40907.83402276354,41369.9312820895,40821.28963756822,41100.30538903948,2770115.11194893
2023-08-14,41100.30538903948,41492.564634168964,40866.937451799284,41397.83764697038,3195575.7314771144
2023-08-15,41397.83764697038,41487.94360707152,40877.87101164421,41114.416615882976,2703225.326155745
2023-08-16,41114.416615882976,41315.54433957198,41008.09544600518,41193.370684864734,5156912.0010980945
2023-08-17,41193.370684864734,41541.62695388253,40522.82078528965,40757.87429229487,4930196.301279716
2023-08-18,40757.87429229487,41105.19462124905,40511.738312921145,41008.693790595236,2865123.4581909906
2023-08-19,41008.693790595236,41695.619051443005,40926.03137181421,41316.662485168694,1922406.5913964678
2023-08-20,41316.662485168694,41645.16518798455,41133.679063852614,41401.75675315974,2127296.0301690446
2023-08-21,41401.75675315974,41620.11374196086,41219.142703109566,41506.732226586806,3790199.7524645054
2023-08-22,41506.732226586806,41696.04766147752,41356.63524444968,41426.89727069947,4023622.5115735633
2023-08-23,41426.89727069947,42505.96869726717,41159.77354405467,42165.65845264885,2579205.149895731
2023-08-24,42165.65845264885,42356.62967562397,41682.77768077753,41879.24302060894,5318192.29940293
2023-08-25,41879.24302060894,42078.01260198418,41822.5765324731,41969.87214478503,5005958.454692094
2023-08-26,41969.87214478503,42406.38475938662,41835.14046404804,42140.105378281085,3913913.2475235825
2023-08-27,42140.105378281085,42458.86978783951,42032.064197037325,42230.30042445895,4409104.048458153
2023-08-28,42230.30042445895,42444.4630858717,41398.89409637128,41791.35549767657,3848255.6745600486
2023-08-29,41791.35549767657,46125.380579068136,40691.64618571835,44680.734841473204,5269226.287341315
2023-08-30,44680.734841473204,44981.011481366324,43808.22469393662,44068.43173418914,3661781.126824768
2023-08-31,44068.43173418914,44205.76351834376,43615.545956359536,43787.91472372641,3372804.677375756
2023-09-01,43787.91472372641,43997.289888677384,42792.89067265519,43120.60621469139,2961271.44068264
2023-09-02,43120.60621469139,44013.20349407292,42963.91857181297,43579.31515285273,5374459.990193418
2023-09-03,43579.31515285273,43777.22518180418,43336.94534166649,43549.31354288124,3708066.2850053213
2023-09-04,43549.31354288124,43876.547139282666,43269.3275480942,43716.006862847404,3736877.9010703643
2023-09-05,43716.006862847404,44621.57523727651,41632.43044414265,42004.928676180025,5698962.1523586195
2023-09-06,42004.928676180025,43208.784111283756,41539.122572637425,42681.75028843666,5304822.7798881335
2023-09-07,42681.75028843666,49347.84401237527,39447.23434496607,48335.10947860797,6610718.962110321
2023-09-08,48335.10947860797,65748.22860711635,46491.86992499398,59552.420255946694,13178530.52601387
2023-09-09,59552.420255946694,60892.140332924566,55697.45747368176,56501.5291018906,6174383.1785018975
2023-09-10,56501.5291018906,61965.98915321234,54462.93744130658,59928.8878195865,3329682.492659122
2023-09-11,59928.8878195865,65982.3046224436,58603.041168724216,63848.614480521675,4402935.157430229
2023-09-12,63848.614480521675,64036.938909461525,63351.18562606298,63498.699412818685,3855318.503885522
2023-09-13,63498.699412818685,63877.58787705412,62881.95474493771,63244.26249009277,2064014.6364889648
2023-09-14,63244.26249009277,64584.22825119802,62463.494934724666,64349.78185745823,1466129.7253894946
2023-09-15,64349.78185745823,65195.69588701238,58640.9321664632,60403.98515032215,4321133.939006653
2023-09-16,60403.98515032215,61509.46650071209,51879.43528671316,54126.83771506527,6378217.133787758
2023-09-17,54126.83771506527,54626.112182163095,53410.337959709344,53567.47213893908,3961270.3759902073
2023-09-18,53567.47213893908,57886.41050311366,52014.99957127581,56380.23779330742,5386347.109756422
2023-09-19,56380.23779330742,57566.561516599366,53768.00510601747,54671.824525543045,3079391.860260387
2023-09-20,54671.824525543045,55106.707301666465,53693.59194709062,53879.16057551804,3531068.513690704
2023-09-21,53879.16057551804,57116.73516363539,52867.85282842791,56353.39103274411,3681994.584874954
2023-09-22,56353.39103274411,57625.213780832186,55781.14976531239,57016.85117901602,3661792.6187717128
2023-09-23,57016.85117901602,57452.671073373196,56305.87251894195,56607.298710958,3841201.7437004596
2023-09-24,56607.298710958,57764.32157834304,47674.32119692357,50982.00316375303,7455841.339491147
2023-09-25,50982.00316375303,59991.315935002436,47602.32125202461,58387.60232352349,8661211.547453625
2023-09-26,58387.60232352349,61862.530267753784,49534.33656832061,50747.43895620502,9123991.839370668
2023-09-27,50747.43895620502,60626.539858189695,49006.49429967664,58779.73708713104,9030830.841715055
2023-09-28,58779.73708713104,59188.22298297624,54752.94179597041,56181.09100906736,6089137.128252391
2023-09-29,56181.09100906736,56468.3859010579,54417.41843715673,55224.345703508385,3346778.059732304
2023-09-30,55224.345703508385,57794.124472380965,54687.2261208855,56732.88340598315,3633465.6405352205
2023-10-01,56732.88340598315,56939.344606775165,55753.08561765413,56186.32421519767,3771120.8536913916
2023-10-02,56186.32421519767,56995.99896930132,52943.061747362524,54282.777607384356,2797462.109428918
2023-10-03,54282.777607384356,54962.107030405445,54053.32729673108,54580.10086012363,2552857.43982024
2023-10-04,54580.10086012363,55408.315617230845,51498.860077780264,51962.7217525402,5838988.595911321
2023-10-05,51962.7217525402,52724.004671412506,47848.07706387371,49277.17630657379,6424550.851042895
2023-10-06,49277.17630657379,49422.62226695134,48256.88436945992,48737.96749253841,3534666.6562016127
2023-10-07,48737.96749253841,49690.26994741203,48299.06964956416,49345.2989155083,4429668.714112864
2023-10-08,49345.2989155083,50054.41268973133,47091.88864549081,48078.00968801237,2895723.6735489434
2023-10-09,48078.00968801237,48910.3673520953,44907.70483224032,45778.411218692505,3610667.545556612
2023-10-10,45778.411218692505,46231.9048561653,42192.74849387295,43211.036508659556,3066032.2384172743
2023-10-11,43211.036508659556,43666.34775350818,40404.452862656115,41113.946228126086,5331687.536981019
2023-10-12,41113.946228126086,41454.63404649685,39224.05110135756,39713.56050565709,5918481.3466112595
2023-10-13,39713.56050565709,41342.21570909166,39130.14577169172,40738.75458331529,2903590.8694608305
2023-10-14,40738.75458331529,40999.04299984195,40642.434914644335,40820.07019331333,2676840.5523619363
2023-10-15,40820.07019331333,42383.77621563552,40369.47581265125,41850.40095703724,3631579.363567646
2023-10-16,41850.40095703724,41940.956331318295,41649.43871728622,41778.42301755367,2426233.1897531715
2023-10-17,41778.42301755367,43490.72170863207,40896.79518617778,42970.02230008251,1727025.2047388877
2023-10-18,42970.02230008251,43565.45820187976,41970.3294332712,42196.3253873247,3906252.7545781303
2023-10-19,42196.3253873247,43774.430774000095,41987.40824521086,43366.39015787261,4478361.204110521
2023-10-20,43366.39015787261,43710.64846819564,42428.159298205115,42791.25035544749,6232185.924842906
2023-10-21,42791.25035544749,43338.623023661254,42628.8015052919,43018.83176972643,3673699.397767593
2023-10-22,43018.83176972643,43865.83056344313,42747.94465854261,43487.981314804754,4328517.2247929
2023-10-23,43487.981314804754,47308.20007057275,42481.75036680123,45949.817437021615,4159882.433177084
2023-10-24,45949.817437021615,46453.162209277965,45719.2542440178,46126.01983324133,3356140.9695397406
2023-10-25,46126.01983324133,46381.703570929334,45820.06330815989,45905.76705569281,1439169.180044141
2023-10-26,45905.76705569281,46297.02024417941,44392.15013699104,44978.27519055946,3382878.361809861
2023-10-27,44978.27519055946,47361.59195263727,44164.42656866057,46730.176084031926,3778024.4109234163
2023-10-28,46730.176084031926,47266.419314768886,46552.850256792335,47086.42998848072,3370683.2606872194
2023-10-29,47086.42998848072,48474.80216906921,46858.660001386605,47893.326556682165,4215459.350605888
2023-10-30,47893.326556682165,47998.96480569007,47644.01077084712,47736.72613925017,3455775.753223186
2023-10-31,47736.72613925017,50005.901841617044,46969.278233254954,49111.23651651645,7158437.123080293
2023-11-01,49111.23651651645,49529.002069343915,48191.65643665757,48333.548356049265,2619172.0813356815
2023-11-02,48333.548356049265,50667.61719309663,47733.46782972022,49651.303699842785,5554732.534588158
2023-11-03,49651.303699842785,50994.470963782456,49303.20555475574,50356.95755842097,4373712.766988103
2023-11-04,50356.95755842097,51763.00254546313,49692.21786909149,51160.30546877424,4633371.924219852
2023-11-05,51160.30546877424,51411.70211306815,50768.61941604033,50950.268619216986,1881859.252759369
2023-11-06,50950.268619216986,52220.96155629176,48026.69978481278,49249.28374635069,6397248.63137708
2023-11-07,49249.28374635069,49832.93190518341,48796.77491703172,49650.51377126935,3121541.5737152286
2023-11-08,49650.51377126935,50628.80521520611,49303.87634909823,50110.5251628354,2705509.839183766
2023-11-09,50110.5251628354,50357.25823729421,49042.69397346217,49469.0416335445,5439554.554088325
2023-11-10,49469.0416335445,50816.035505790125,48986.38190423385,50211.03878046701,4573967.958544899
2023-11-11,50211.03878046701,50817.97447062193,49943.3055536601,50492.117791088756,3153017.110996409
2023-11-12,50492.117791088756,50853.13807371039,49837.67045681868,50049.667957053556,3147908.718125525
2023-11-13,50049.667957053556,52367.52385672919,49361.35267955186,51663.76183174323,4061854.87810841
2023-11-14,51663.76183174323,51828.69580975741,50566.89570067933,51008.10343602646,4165385.8826626833
2023-11-15,51008.10343602646,51277.88000681638,50252.894236695385,50562.62658607195,2270420.0992490617
2023-11-16,50562.62658607195,50780.49973034221,49785.7772320736,50141.738782827,3439297.4873117884
2023-11-17,50141.738782827,50430.49790797703,49665.50618963557,49854.55507052294,1747611.5415763385
2023-11-18,49854.55507052294,50735.4179447122,47754.07335901849,48317.75726188924,5906384.300609136
2023-11-19,48317.75726188924,48812.2182348947,47009.868156392775,47487.68148019669,4381746.5033963695
2023-11-20,47487.68148019669,48666.658050723956,46951.31171704367,48081.334269578256,2361588.1755514885
2023-11-21,48081.334269578256,48296.85416516383,47499.680453762354,47622.53263974829,4100901.330543881
2023-11-22,47622.53263974829,48124.075457413346,45430.738008429464,46303.915458925534,3340183.575287851
2023-11-23,46303.915458925534,46604.349825374244,45817.21457759428,45962.56004533938,3894639.4794711834
2023-11-24,45962.56004533938,47144.42555294818,45617.66553245437,46734.19984165931,4375010.345265581
2023-11-25,46734.19984165931,46839.718595077975,46214.760814858724,46368.562183098475,5265492.412836804
2023-11-26,46368.562183098475,47351.98052496732,46048.032722578675,47004.61068420037,3763072.783543218
2023-11-27,47004.61068420037,48221.91436134254,46679.2649207696,47957.011691384236,3700309.089363941
2023-11-28,47957.011691384236,48076.55987743476,47770.884564014275,47898.67249760814,3805749.3287504804
2023-11-29,47898.67249760814,48867.569112913494,46251.77075310214,46601.11479923602,5175028.258618218
2023-11-30,46601.11479923602,46766.78518124808,46365.137759400284,46524.12353712409,3858923.719661038
2023-12-01,46524.12353712409,47270.28382421234,44845.02668264521,45453.31112481283,3363322.3611365776
2023-12-02,45453.31112481283,46110.92258806819,45310.69527120935,45925.44349812568,3842642.626091823
2023-12-03,45925.44349812568,49378.27931596365,44739.2267149712,48492.791556542514,6470521.7291971585
2023-12-04,48492.791556542514,49325.17766669413,46313.325267925764,47249.710044371954,6495991.548571882
2023-12-05,47249.710044371954,48126.080075374484,47078.78460336544,47769.40982001162,3178189.9866680526
2023-12-06,47769.40982001162,48657.12012933708,47547.05019120723,48412.67308968936,3168477.529211145
2023-12-07,48412.67308968936,50177.161862812936,47516.76029481013,49743.67691238522,4282401.329827856
2023-12-08,49743.67691238522,49996.24915583428,48545.09327835498,49101.34494407031,3972889.617256507
2023-12-09,49101.34494407031,49394.10383827608,48567.77874829197,48857.402161215876,3479904.8834947953
2023-12-10,48857.402161215876,49370.751418509375,47011.418851367474,47806.64306020164,5410631.569644729
2023-12-11,47806.64306020164,47998.37690443568,47611.118644471746,47808.03238127694,3344077.4166492037
2023-12-12,47808.03238127694,47922.69275739074,47590.84666702166,47811.54555190831,3997960.859311232
2023-12-13,47811.54555190831,47911.28960976972,47670.21892440016,47807.30826525314,2441179.7636387683
2023-12-14,47807.30826525314,49075.83677928619,47527.185990199585,48581.348391049825,3875798.88835991
2023-12-15,48581.348391049825,49040.54506737534,48483.64119012695,48924.058022341145,2100616.028855118
2023-12-16,48924.058022341145,50745.01021356184,48533.04226452812,50025.78465540726,2300816.9147966644
2023-12-17,50025.78465540726,50743.755838632824,49933.28910005491,50377.96264160306,4881007.461793401
2023-12-18,50377.96264160306,50900.30867533768,48951.21004704962,49609.51227291931,5193290.23842575
2023-12-19,49609.51227291931,51322.490007092376,49303.1273218601,50672.88110928681,3289298.494653898
2023-12-20,50672.88110928681,50867.574159708136,49487.95634281087,49879.19476949206,4247412.607767187
2023-12-21,49879.19476949206,50091.36333510375,49662.50206545014,49921.790649430186,3809193.0457044262
2023-12-22,49921.790649430186,51099.50791309609,49301.68114860264,50724.77015684868,4112611.1737085963
2023-12-23,50724.77015684868,50847.44483363721,50667.16761935539,50775.65651279327,4062694.4258957957
2023-12-24,50775.65651279327,51121.6015423388,50655.24198294013,50894.55845055663,2628663.609382636
2023-12-25,50894.55845055663,51855.009687748,48586.78869191806,49541.498329441914,3091960.1659236522
2023-12-26,49541.498329441914,50869.55088732971,49302.307244216834,50321.13079292019,3899381.6599169783
2023-12-27,50321.13079292019,51998.38508948551,49568.344157364016,51246.51054980419,4068559.705325559
2023-12-28,51246.51054980419,51428.316964545265,51085.178088651264,51345.778000780905,3420592.775535843
2023-12-29,51345.778000780905,51565.22591196843,50957.89158851131,51242.93329775094,2590279.703306863
2023-12-30,51242.93329775094,51343.929583775396,50897.68801550174,51145.52136924283,3006379.8791229893
2023-12-31,51145.52136924283,51557.66211557456,49307.53967016609,49643.30463028967,5472186.5212020725
2024-01-01,49643.30463028967,49909.206648950974,48749.28729059323,49212.7156806975,4594705.2371370755
2024-01-02,49212.7156806975,49370.87595277789,48604.381502748634,48750.986337006354,2157235.255389218
2024-01-03,48750.986337006354,49621.36707712898,48390.10631591649,49424.89007315339,2905444.9548764797
2024-01-04,49424.89007315339,49690.45172147934,48339.25685201245,48599.61615292166,5172373.298050604
2024-01-05,48599.61615292166,49467.40820075275,48472.39055637444,49051.62696135817,2999759.155860082
2024-01-06,49051.62696135817,49426.65827365257,46751.04424063369,47729.90837431644,4427962.116631295
2024-01-07,47729.90837431644,48722.54626809227,45620.01545820644,46060.13343597118,3564429.1697184695
2024-01-08,46060.13343597118,46215.803967920874,45609.58725716814,45849.90729043635,3144465.8874567556
2024-01-09,45849.90729043635,46181.830003953735,44153.52241135272,44658.78979269282,3762373.3376887366
2024-01-10,44658.78979269282,45168.39004105224,44391.5613757673,44894.920936188115,3548581.1407832773
2024-01-11,44894.920936188115,46932.85633399454,44114.72254810449,46518.57556586237,5494268.031357393
2024-01-12,46518.57556586237,46847.4699925305,45934.322534648396,46170.90928568666,2899068.592699672
2024-01-13,46170.90928568666,46660.09313380272,44239.20546884223,44901.7900494573,2501258.0418593735
2024-01-14,44901.7900494573,45106.766039674934,44325.03780813322,44575.80224794062,6946531.096409888
2024-01-15,44575.80224794062,46123.20344895867,43907.68401797707,45505.04698709025,4117597.643737878
2024-01-16,45505.04698709025,46064.478986661634,43951.853143438035,44657.02516495953,3346776.993252453
2024-01-17,44657.02516495953,45384.83285680771,44565.9426592227,45023.869931085756,3019890.8070488027
2024-01-18,45023.869931085756,45809.07854108148,44718.63872982407,45423.541550728296,3274566.7342830035
2024-01-19,45423.541550728296,45818.543480339926,44820.76402105789,45013.12917299032,3422306.2052445207
2024-01-20,45013.12917299032,45122.55389247928,44383.64189062479,44611.23045037522,3765415.0283593885
2024-01-21,44611.23045037522,45633.233475733556,44082.97717661316,45204.49795882542,5384790.8448441075
2024-01-22,45204.49795882542,47067.98369292434,44565.87050924959,46370.2481966524,7091610.667911546
2024-01-23,46370.2481966524,47871.97099124155,46096.95754580829,47299.479516211264,4213419.209951836
2024-01-24,47299.479516211264,50397.9780865024,46990.70433553492,49283.710024063046,6867057.6056150645
2024-01-25,49283.710024063046,49461.423482042475,49213.035638415386,49383.870984669185,2557362.379621808
2024-01-26,49383.870984669185,49814.67839573545,49109.69222338707,49558.71816278912,2363653.512344469
2024-01-27,49558.71816278912,50179.21868442391,49160.29972967732,49879.1618563115,4730118.061827449
2024-01-28,49879.1618563115,50184.1509046204,48527.12566084371,49073.17479272616,5627565.951509891
2024-01-29,49073.17479272616,49547.34753735895,48738.11617553288,49444.0346164343,4682866.303310404
2024-01-30,49444.0346164343,50700.83457864143,49191.75038423749,50240.688362811554,3165934.7791102813
2024-01-31,50240.688362811554,50707.11925152184,49828.18523287639,50558.94767454292,4202626.177420168
2024-02-01,50558.94767454292,52538.09233206769,50189.02657622664,51800.348096414295,4745443.179554701
2024-02-02,51800.348096414295,52031.18720183898,51553.98240515908,51786.24667967053,2731179.9073386965
2024-02-03,51786.24667967053,52507.71252949888,50054.16582166737,50542.627415628245,4647881.434011941
2024-02-04,50542.627415628245,52011.151867355344,47648.184100663166,48468.581047028354,2543725.1880812105
2024-02-05,48468.581047028354,49026.84209906064,46244.83798065353,46649.221845864384,7658518.702676869
2024-02-06,46649.221845864384,47125.90516898247,45607.78336512733,45971.20355109536,4154806.719215813
2024-02-07,45971.20355109536,47307.824873869824,45362.756573882034,46860.0848694029,3036628.9306413676
2024-02-08,46860.0848694029,47144.62251783846,45152.89588883572,45819.22531420633,3057254.9579941235
2024-02-09,45819.22531420633,46357.44424937491,44678.98499259208,45106.20879405581,7031134.656193529
2024-02-10,45106.20879405581,45539.38903769239,45040.16988315878,45274.74205329648,5134439.427199111
2024-02-11,45274.74205329648,45669.54409752516,45085.60124016508,45387.33722969121,4502141.653474976
2024-02-12,45387.33722969121,45807.49581709069,45285.18158468079,45664.226522188925,4613147.191749195
2024-02-13,45664.226522188925,45884.1844888339,44382.324924868626,44700.04379831805,4935918.563549718
2024-02-14,44700.04379831805,45136.72723676799,43922.3129282525,44108.70653063574,3616280.2256640806
2024-02-15,44108.70653063574,44637.558031283814,43199.06858232172,43468.167458006355,6138611.454385581
2024-02-16,43468.167458006355,43913.8202096678,43094.83976938127,43784.47672296847,3682166.6469622566
2024-02-17,43784.47672296847,44943.311107982096,43597.61590698361,44758.95498364978,5876128.642922428
2024-02-18,44758.95498364978,45359.627853904036,44456.413791367355,45167.27581901941,3219481.7151035992
2024-02-19,45167.27581901941,46362.69342904954,45024.715301879645,45796.3000398284,7233339.464817783
2024-02-20,45796.3000398284,46687.59854757129,45528.02046873273,46337.06178278004,2687908.5038071033
2024-02-21,46337.06178278004,47775.53461502037,46162.06339287627,47164.59305668448,3277334.531684621
2024-02-22,47164.59305668448,48115.33335350258,45309.00700411047,45950.32051562639,3806561.5219204226
2024-02-23,45950.32051562639,46096.227801796944,45731.12873207331,46008.96682272171,6005059.553097246
2024-02-24,46008.96682272171,47235.55088933269,45449.74454732313,46767.82029120537,5140368.298075988
2024-02-25,46767.82029120537,47298.48918509578,45512.825040743934,45718.10974904121,2654140.6513661137
2024-02-26,45718.10974904121,46324.18692196453,44684.66867586411,45058.82524491074,3469796.3763861903
2024-02-27,45058.82524491074,45598.39924068028,44871.55582710387,45283.20702676715,5770101.626958723
2024-02-28,45283.20702676715,45719.949392273906,45156.37847946312,45515.12850472823,2491573.187688669
2024-02-29,45515.12850472823,45666.393402015,45236.53819291723,45475.165064842695,3855594.9153364636
2024-03-01,45475.165064842695,46725.537479695406,45081.471107196914,46173.67964242254,2484124.1050174427
2024-03-02,46173.67964242254,46729.92034599535,45989.1363987891,46555.19417745074,2616571.8824779107
2024-03-03,46555.19417745074,47430.93347968389,46329.34043631753,47269.90736950338,2687403.8962585405
2024-03-04,47269.90736950338,47888.195253046135,46989.26619879829,47605.39814740653,2101772.2042659684
2024-03-05,47605.39814740653,48026.23344815832,47454.5836114008,47828.032355826996,2996334.146710228
2024-03-06,47828.032355826996,48044.58590263116,47741.23787842853,47865.983778083566,1734597.8003331535
2024-03-07,47865.983778083566,48022.8266484905,47535.96525715551,47684.22851909894,6691554.744087692
2024-03-08,47684.22851909894,48111.32858046179,47550.96389692911,47905.30463921685,3037941.026283136
2024-03-09,47905.30463921685,48219.895180296975,46551.74115124759,47063.04763045801,4123419.452252327
2024-03-10,47063.04763045801,47257.279498626405,45333.44484555477,45969.79161629221,5022328.800396345
2024-03-11,45969.79161629221,46512.172956443705,43905.84232131346,44538.85015263464,4272781.242802228
2024-03-12,44538.85015263464,45437.74451226297,44276.44673658962,45133.85937499168,2603077.21284716
2024-03-13,45133.85937499168,46741.57200277712,44481.74057135091,46087.30829785854,6438424.353702013
2024-03-14,46087.30829785854,46558.5869436887,44680.480058208006,45272.312475659994,4153019.5578392087
2024-03-15,45272.312475659994,45426.35562334437,44966.07033574341,45209.88786773975,3707497.146881752
2024-03-16,45209.88786773975,45972.487780740536,45104.649128263896,45684.39022906731,3918424.020462593
2024-03-17,45684.39022906731,46600.47844710312,45170.572231822465,46432.25687450904,2724795.5409132796
2024-03-18,46432.25687450904,47708.81680115269,46010.550793468436,47151.51219017678,2386107.991013042
2024-03-19,47151.51219017678,47340.54073961834,46770.1411061774,46863.00934199314,3739854.4714737963
2024-03-20,46863.00934199314,47059.27430891679,46602.86608341272,46779.320988606305,4075613.326079057
2024-03-21,46779.320988606305,47069.92677840483,46448.912150244585,46644.705665232235,3161059.807274619
2024-03-22,46644.705665232235,47385.876423148045,46296.24946365018,47058.7991562653,1833340.6915218353
2024-03-23,47058.7991562653,47424.09470582255,46136.15500672076,46412.07341458989,2926597.9312557746
2024-03-24,46412.07341458989,46840.09569687374,46300.08029062413,46613.00497864983,2391278.7818103675
2024-03-25,46613.00497864983,47062.75833645055,45303.80283060202,45878.375315564175,4919382.99822952
2024-03-26,45878.375315564175,46335.70803332288,45444.1240307453,46224.9395791549,4740888.1379840635
2024-03-27,46224.9395791549,46577.43252866741,46055.5872929989,46409.48609886918,2158755.6594560402
2024-03-28,46409.48609886918,47618.38797726331,46234.06301278113,47129.113543842206,3938150.482551665
2024-03-29,47129.113543842206,47345.160800676545,45021.38719523335,45863.13052457852,4208784.29915738
2024-03-30,45863.13052457852,46191.24180113957,45718.75093064897,46108.07546239573,3393004.716076429
2024-03-31,46108.07546239573,46590.808374492204,45875.25779684392,46477.131346457696,3892837.4652820784
2024-04-01,46477.131346457696,46772.01221511424,46328.91209246701,46567.99506894921,2927722.195335859
2024-04-02,46567.99506894921,46989.93032929839,44897.059510500505,45366.566256441,2311533.3787865536
2024-04-03,45366.566256441,45610.17037784796,45085.12120490697,45290.42177219264,4353349.520395375
2024-04-04,45290.42177219264,46534.535729968135,44715.717141076275,46339.44321335011,4239259.690711615
2024-04-05,46339.44321335011,46745.102654034425,45249.4220168776,45520.84485976662,4455755.363717487
2024-04-06,45520.84485976662,46521.59264226901,45249.977567769034,46371.99836497957,3280123.964419058
2024-04-07,46371.99836497957,47028.08157918947,44655.067908477366,45295.49086595616,2984487.1255276124
2024-04-08,45295.49086595616,45924.734201636056,45025.78042332111,45568.04344128064,5820550.649924814
2024-04-09,45568.04344128064,45775.98405961844,44942.14633709521,45278.972348445255,5200235.47419589
2024-04-10,45278.972348445255,45379.414835758835,44821.082620096015,45091.154160953854,4472251.168674554
2024-04-11,45091.154160953854,45851.43841136034,44731.44658193011,45564.93876988526,2794939.232580176
2024-04-12,45564.93876988526,45786.15668459559,44775.075966383134,45042.98329243308,5389643.54538608
2024-04-13,45042.98329243308,45514.23664454255,44709.666655515226,45334.62069327744,2652966.8644231316
2024-04-14,45334.62069327744,46178.49252634472,45180.69000891333,45827.54045374387,5208269.292833509
2024-04-15,45827.54045374387,47925.7160122032,45194.92613559318,47085.73024908307,2662678.533889486
2024-04-16,47085.73024908307,47207.48005477733,47000.90944432883,47128.14803906693,3549011.6000564923
2024-04-17,47128.14803906693,48107.45704816159,46979.80915274854,47805.944503791245,5108580.247343079
2024-04-18,47805.944503791245,47898.0230611806,47602.858059820144,47711.73083605931,4299904.778882235
2024-04-19,47711.73083605931,49390.537083324736,47377.122754876895,49152.58657420646,3221016.905513635
2024-04-20,49152.58657420646,49693.79891316039,48796.366835737696,49471.77940552431,3460653.693316344
2024-04-21,49471.77940552431,50892.01613944364,48857.28252562895,50471.17937134335,7358602.092491458
2024-04-22,50471.17937134335,50829.2622611373,49800.86054215128,50119.97143692851,2170627.738554743
2024-04-23,50119.97143692851,50781.327730633064,49885.8582542334,50565.34696347533,5757157.0520704985
2024-04-24,50565.34696347533,51905.19980880552,49920.22395136318,51294.19921058554,3324991.6107925302
2024-04-25,51294.19921058554,51421.735009851036,50921.22148179856,51142.664630745225,3145921.1382253505
2024-04-26,51142.664630745225,51484.72104465523,50886.58213423696,51199.77902226616,2967759.901644187
2024-04-27,51199.77902226616,52524.45890641889,50858.56096111728,51953.37082958923,2394403.096281282
2024-04-28,51953.37082958923,52705.01398037183,51728.436937165636,52540.87055778346,4890535.166420139
2024-04-29,52540.87055778346,53139.74763790652,51353.96461272948,51783.80947502403,2463073.3451980264
2024-04-30,51783.80947502403,52065.20983207247,51537.64199464044,51686.202657002184,3978361.3458464453
2024-05-01,51686.202657002184,51798.64946381435,51245.62195084957,51413.93671254782,3411373.7276769453
2024-05-02,51413.93671254782,51759.31707950874,50758.518259224766,50988.28163175926,2670609.821742692
2024-05-03,50988.28163175926,51322.2692357057,50627.28118651164,50833.819615229295,2702793.1677128877
2024-05-04,50833.819615229295,51203.32207659438,49965.310798489634,50385.91311661727,4101650.82773593
2024-05-05,50385.91311661727,51869.35290431395,49750.62820949346,51227.373525442315,3343406.0263969903
2024-05-06,51227.373525442315,51393.98119728475,50019.129781580894,50458.90222455192,4096309.897614395
2024-05-07,50458.90222455192,50611.4258018629,50167.667404616324,50340.75854474544,4324232.842009147
2024-05-08,50340.75854474544,50453.22520246706,49883.78118537342,50204.34801031425,2158098.0819920897
2024-05-09,50204.34801031425,51422.28204824387,49865.57504521225,50980.235327872295,2836229.431723856
2024-05-10,50980.235327872295,51739.890833706566,47426.48654738891,48419.44774507995,7044696.878452093
2024-05-11,48419.44774507995,48855.791977643734,48263.29582587168,48605.34867758064,4343212.283714101
2024-05-12,48605.34867758064,48730.11350355186,48342.205637529885,48513.58758166458,4649350.440500846
2024-05-13,48513.58758166458,48942.74110169622,47836.26864255289,47973.066126648446,2443187.3102632696
2024-05-14,47973.066126648446,48237.15512862658,47009.50019104469,47381.0384412182,3658282.3131209477
2024-05-15,47381.0384412182,48523.80765217177,46803.57164963859,48227.55832068617,2366689.085993925
2024-05-16,48227.55832068617,49133.14274465241,46078.84023969195,46932.940908998244,2911526.7983143004
2024-05-17,46932.940908998244,47325.03136906599,45880.652352268145,46382.2962209053,2347094.765818963
2024-05-18,46382.2962209053,47834.85293353457,45731.35648937496,47423.58854770209,3801157.160240794
2024-05-19,47423.58854770209,47509.052459017585,47274.95442672745,47399.38988924413,5669393.284076534
2024-05-20,47399.38988924413,47628.162367893354,46267.21574178423,46690.16468462135,2998278.693812085
2024-05-21,46690.16468462135,47359.30626982186,46471.30091975518,47038.163487249054,2205030.517295799
2024-05-22,47038.163487249054,47251.02908414017,46197.207783086254,46488.42288096534,4903641.538546279
2024-05-23,46488.42288096534,47099.436725946776,46175.75831591803,46932.578510908585,5588525.515416465
2024-05-24,46932.578510908585,47058.14166596043,45962.38500181114,46359.330090717274,2886832.070582223
2024-05-25,46359.330090717274,46621.421426164976,46164.77094716999,46418.744549299634,2648066.895823778
2024-05-26,46418.744549299634,46982.25224999688,45532.47554991584,45769.43149045476,3887666.807157871
2024-05-27,45769.43149045476,46142.50923218466,44935.26658050201,45266.13367229155,3972498.896476117
2024-05-28,45266.13367229155,45920.99452203761,43461.576495729685,44265.10092551102,4103664.9055316723
2024-05-29,44265.10092551102,44392.15633096165,43374.553153239394,43774.09572116418,5472803.464026271
2024-05-30,43774.09572116418,45069.32411438407,43032.96078331128,44870.35629249989,4002694.468827397
2024-05-31,44870.35629249989,46435.94596447149,44150.432903624045,45955.158708307186,2863148.900895292
2024-06-01,45955.158708307186,46226.69718286468,44649.42031885535,45190.77559611668,4204593.303390599
2024-06-02,45190.77559611668,45533.07228563438,44937.75206180405,45370.844575259216,2525150.7255225526
2024-06-03,45370.844575259216,45779.54731331905,44640.21135787199,44786.77349631885,3164873.931150848
2024-06-04,44786.77349631885,45198.58854704396,43642.98027554071,44146.03069942155,4572930.083627051
2024-06-05,44146.03069942155,44631.67115372695,42957.247283376775,43371.25374390843,3016350.8295306936
2024-06-06,43371.25374390843,45225.56067474586,42873.20185292827,44453.71019142894,3028768.9738780092
2024-06-07,44453.71019142894,46026.8273582624,43993.71373672569,45496.80529001005,2229578.0415129727
2024-06-08,45496.80529001005,45773.08089077227,45226.535415975086,45351.43379703052,4024721.140034602
2024-06-09,45351.43379703052,45582.537722365676,45174.11880010958,45481.803426484556,3052394.712232265
2024-06-10,45481.803426484556,46117.72086214031,43828.38672120474,44489.55184275424,5055128.832653443
2024-06-11,44489.55184275424,44615.90321866461,43380.30281535174,43828.174989820065,3681975.651905841
2024-06-12,43828.174989820065,46026.012169464186,43118.14202253685,45241.6896689443,3052518.3947759243
2024-06-13,45241.6896689443,45500.83891757501,44062.22693107427,44286.552557337745,2753793.5719348323
2024-06-14,44286.552557337745,45668.83951032112,44121.753590313056,45140.5037733147,3595511.977791535
2024-06-15,45140.5037733147,45435.20248502809,44650.95326502854,44777.477526944924,2584950.4648941793
2024-06-16,44777.477526944924,45592.96793313605,44370.005738686465,45331.69868162847,4567608.8661525175
2024-06-17,45331.69868162847,45598.125761855124,45156.402941520246,45375.501489295086,3119934.1392543595
2024-06-18,45375.501489295086,45566.667287546916,45177.30148544177,45240.32242788951,3046288.9778442592
2024-06-19,45240.32242788951,45490.08543010758,43680.14311482806,44223.19885889922,3930418.2413274045
2024-06-20,44223.19885889922,45124.299902294995,43613.29880056016,44880.11954217719,3411164.7211424904
2024-06-21,44880.11954217719,45040.05400814067,43826.35904380882,44210.46703896695,3289180.1861551967
2024-06-22,44210.46703896695,44618.939248908246,43966.15107443591,44377.97767329569,2152119.818196635
2024-06-23,44377.97767329569,45313.28167497351,42364.02837644103,43110.40477365427,6274207.173455042
2024-06-24,43110.40477365427,43270.82030879027,42785.85054573653,43019.88619102057,2093539.4100752329
2024-06-25,43019.88619102057,43265.72762802129,42780.76836337609,42929.44063323146,2885594.313805521
2024-06-26,42929.44063323146,43326.44379650377,41932.11051908722,42197.48669566629,4692076.351413869
2024-06-27,42197.48669566629,43697.754300294815,41733.36974137007,43163.17047320475,4583660.36405266
2024-06-28,43163.17047320475,43377.8539664619,42869.44998993801,43033.07779828581,3293814.946337496
2024-06-29,43033.07779828581,43199.556057157526,42919.36821188073,42995.894001743756,4922772.818358092
2024-06-30,42995.894001743756,43453.11501739642,41910.4564097748,42432.02589060588,3910927.528419651
2024-07-01,42432.02589060588,42677.43588645218,42156.86595718648,42602.11316079284,4571621.923066356
2024-07-02,42602.11316079284,42985.37987418893,41947.06797580186,42150.02400869156,4471382.580621234
2024-07-03,42150.02400869156,42411.45858769287,42022.7675797788,42300.53930491954,2514858.523549473
2024-07-04,42300.53930491954,42630.81658019982,42161.9592931216,42455.418363693134,2917975.2618975965
2024-07-05,42455.418363693134,42753.93461964301,41792.84211365852,42077.785816347336,3096332.905752037
2024-07-06,42077.785816347336,42729.69812510783,40684.10934715975,41309.93873462976,5323905.234975831
2024-07-07,41309.93873462976,41629.93483499429,40677.60715704301,41032.61851176579,3890361.2154944134
2024-07-08,41032.61851176579,41227.53929521714,40067.71901530249,40487.996515186045,4039598.3463007323
2024-07-09,40487.996515186045,40648.84864945796,40292.158340248585,40364.69491113849,2582242.8711689
2024-07-10,40364.69491113849,40895.77702689474,38625.19176143132,39162.295404860524,3892573.983878369
2024-07-11,39162.295404860524,40731.31494132919,38900.46531481531,40287.864814259796,2902172.1098418576
2024-07-12,40287.864814259796,41078.64428489026,39852.694859200514,40911.81955189453,3679523.3487202097
2024-07-13,40911.81955189453,41963.07057814135,40306.67933328863,41614.450044588455,4279165.525944331
2024-07-14,41614.450044588455,41852.70166881318,41091.503148470074,41366.33245207727,3658692.87723404
2024-07-15,41366.33245207727,41474.309218178234,41014.533024291486,41148.07100107793,3369102.022860854
2024-07-16,41148.07100107793,41449.77628047235,40157.05084033456,40517.933542332285,2146273.929020524
2024-07-17,40517.933542332285,41673.25044230947,40233.65105701938,41488.53630202077,2013248.5430560354
2024-07-18,41488.53630202077,41813.89307221216,40837.80677702132,41180.296668838535,2472523.5208457327
2024-07-19,41180.296668838535,41376.71151359887,40933.527917752246,41081.55011461438,3114389.492621293
2024-07-20,41081.55011461438,41173.1095310746,40707.02828440945,40883.46748546972,3113236.950867247
2024-07-21,40883.46748546972,42615.53905897017,40448.37070825299,41987.82377867734,4299373.375444677
2024-07-22,41987.82377867734,42393.125786995646,41649.861780457664,42278.275393449316,6051159.181719323
2024-07-23,42278.275393449316,42607.84204354657,41173.14241386348,41683.11729380146,3344527.204407541
2024-07-24,41683.11729380146,41746.631998596466,41484.34936717152,41667.662460249296,4035298.553404725
2024-07-25,41667.662460249296,41767.970550820406,41562.81359428471,41677.90680303066,3630637.820924167
2024-07-26,41677.90680303066,42523.26191264143,41124.11839788397,42342.66231744796,3026055.474866875
2024-07-27,42342.66231744796,42471.69354620302,41423.806710481615,41747.11995067986,3791748.6985850707
2024-07-28,41747.11995067986,41994.40023774352,41053.68228229751,41308.18481991316,3240699.451579466
2024-07-29,41308.18481991316,41487.39246555333,40837.59370831982,40931.52003726127,3868553.2913491842
2024-07-30,40931.52003726127,41666.870951144716,40663.86803621457,41459.04418711554,2694088.505266594
2024-07-31,41459.04418711554,41846.312444775154,40063.19476897602,40525.159109658096,3373042.1386827314
2024-08-01,40525.159109658096,40626.80038621315,39907.74764786118,40252.19384840106,2447679.067979898
2024-08-02,40252.19384840106,41096.2166005281,39895.38813846951,40747.65443399975,4535969.283284409
2024-08-03,40747.65443399975,41108.83092597933,40485.64141389169,40963.02488424518,4151964.9442448867
2024-08-04,40963.02488424518,42340.571387634795,40419.59072318588,41761.527710007984,3659929.2334839567
2024-08-05,41761.527710007984,43136.08364319895,41225.30623802374,42655.38964644998,3470725.0389676527
2024-08-06,42655.38964644998,42974.325613691246,42416.986237124205,42721.37484589869,3316020.653636503
2024-08-07,42721.37484589869,43234.04774459873,41754.199195961824,42111.545244989655,4342800.7171712965
2024-08-08,42111.545244989655,42238.67204935605,42043.856645167776,42126.82047555324,5561108.250608195
2024-08-09,42126.82047555324,42272.18924603552,41275.838403418435,41546.645952090395,3442326.9693675977
2024-08-10,41546.645952090395,42151.417743013124,41297.903441089686,41947.512054953564,2516792.46583395
2024-08-11,41947.512054953564,43002.205258559756,41554.42055138725,42480.55620789999,6746601.163816333
2024-08-12,42480.55620789999,43032.651834480974,42100.92796970291,42774.06892369154,3766770.705021807
2024-08-13,42774.06892369154,43339.759085570615,42504.370148971735,43227.202621192955,4304793.064512837
2024-08-14,43227.202621192955,43338.65811957037,42566.887649864155,42688.484758425155,2522109.0761475996
2024-08-15,42688.484758425155,42946.18732655441,41129.63767239933,41648.9750402976,3189960.1209796933
2024-08-16,41648.9750402976,41987.119202334274,39714.33531870005,40372.33031277658,2717934.6545610977
2024-08-17,40372.33031277658,40478.67784705164,39872.572173046756,40017.01200988647,4538412.035182389
2024-08-18,40017.01200988647,40624.78286107975,39878.59405570111,40404.26829437466,4720894.781094084
2024-08-19,40404.26829437466,40634.07273087665,37992.7605152756,38931.90705789725,5729611.037771037
2024-08-20,38931.90705789725,39298.69929200408,38753.56041685892,39078.00793913317,3525431.1602222435
2024-08-21,39078.00793913317,39241.96639450401,39023.591473398636,39071.67837941332,3433172.9205986517
2024-08-22,39071.67837941332,39746.21913568641,37532.13039634495,38027.32628895635,7902242.568409345
2024-08-23,38027.32628895635,38131.28594857186,37830.42097384812,37931.58744021147,5538839.01221256
2024-08-24,37931.58744021147,38280.42922952511,36829.7270985658,37162.23574351505,4287882.9896638505
2024-08-25,37162.23574351505,37332.15713575809,36979.85007936416,37257.89626173166,4719575.397604808
2024-08-26,37257.89626173166,37752.3591433737,36969.390440674826,37487.23040162182,2500668.2923967247
2024-08-27,37487.23040162182,37728.500647749825,37047.408499205776,37286.62015336108,3655021.636495406
2024-08-28,37286.62015336108,37367.673163703344,36927.37493260631,37076.03254078474,4253496.087082801
2024-08-29,37076.03254078474,37256.25017440017,36382.58984429928,36733.32832221154,5713949.863351759
2024-08-30,36733.32832221154,38028.12886831471,36191.203870210935,37517.91774393388,4738108.589971438
2024-08-31,37517.91774393388,38455.90578545757,35803.01808658745,36265.27512944012,6421295.179905615
2024-09-01,36265.27512944012,36908.55551937196,35791.84032235371,36758.84400210182,3608902.2961229547
2024-09-02,36758.84400210182,37393.97653245619,34960.37893801198,35430.05762246768,3744715.0180385564
2024-09-03,35430.05762246768,35515.121344388375,34975.21439313579,35185.11543800499,2847644.319809094
2024-09-04,35185.11543800499,35314.125910133356,34951.12737514125,35122.75100478057,3595591.63809409
2024-09-05,35122.75100478057,35352.65109063541,34904.54964681683,34991.31203236923,2639906.3565076417
2024-09-06,34991.31203236923,35529.27927449038,34910.16409251068,35371.017164615,6095691.590080126
2024-09-07,35371.017164615,35646.84351890022,34743.24106476164,34923.83699425932,2648353.8985698153
2024-09-08,34923.83699425932,34981.40916200571,34759.46122995254,34902.466044294255,4870698.66059743
2024-09-09,34902.466044294255,35044.47607399083,34855.48145850683,34911.384354060836,3333988.5899016177
2024-09-10,34911.384354060836,35634.37552258423,34717.31795234211,35415.71792197479,2289359.3468547566
2024-09-11,35415.71792197479,36372.44675442231,34881.58577974547,36215.028094843314,3807628.7894049836
2024-09-12,36215.028094843314,36741.23816552657,35984.87282868101,36634.314875608536,3488368.511601779
2024-09-13,36634.314875608536,36857.25202415858,35655.34028076317,35948.29235985016,3514618.619073949
2024-09-14,35948.29235985016,36595.57432865916,35644.62304219586,36453.43129126491,3328008.5845175725
2024-09-15,36453.43129126491,37799.22782088526,35893.00889545674,37503.45779570727,3637390.4515727223
2024-09-16,37503.45779570727,37604.97954860175,37302.05229203096,37415.148969641,2692185.673792109
2024-09-17,37415.148969641,37510.80359194186,37182.51633310004,37333.40304399216,2036364.8074913912
2024-09-18,37333.40304399216,38247.48809982766,37149.6785056175,37994.285265644656,3772169.9714875533
2024-09-19,37994.285265644656,39616.664151773686,37766.78738586518,39187.488144697876,6096742.000609086
2024-09-20,39187.488144697876,39380.08728456312,39086.04726565856,39300.06581159588,2649157.5432422175
2024-09-21,39300.06581159588,39413.94290862333,38896.869924825216,39092.047015721924,4108877.063896441
2024-09-22,39092.047015721924,39303.402690243034,38910.640425452555,39227.985335156416,2363503.655347014
2024-09-23,39227.985335156416,40480.32204451208,39028.84529123567,39948.39756109051,3235327.1748895813
2024-09-24,39948.39756109051,40992.648760397846,39637.74760031112,40482.63727293325,2870541.4552245713
2024-09-25,40482.63727293325,42367.60417094829,39903.55921808103,41796.17787328459,6317119.684932085
2024-09-26,41796.17787328459,42346.98738626576,40444.735134486946,40802.78603931752,3556230.3148009107
2024-09-27,40802.78603931752,41003.166282852246,40666.80025229469,40812.36386946852,3260829.552009182
2024-09-28,40812.36386946852,42209.339592000324,40609.46205467482,41567.51742651212,3055246.720545459
2024-09-29,41567.51742651212,41991.81541667816,41364.521430049535,41786.078827697806,2916472.8636922566
2024-09-30,41786.078827697806,41856.97078044257,41516.81306424673,41638.73564896411,2474728.9498168724
2024-10-01,41638.73564896411,41836.415495087844,41236.881270954305,41477.740146444696,4171285.4359258343
2024-10-02,41477.740146444696,41903.69818338825,41189.603584179655,41647.67104998876,5418070.198526503
2024-10-03,41647.67104998876,41705.44334958439,41527.41441328752,41614.29569782986,2555557.2636550604
2024-10-04,41614.29569782986,42858.96069260053,41351.98103391907,42322.31418918613,6331464.142842069
2024-10-05,42322.31418918613,42483.52344787969,41980.01557204256,42078.85550890117,3220833.0634683846
2024-10-06,42078.85550890117,43123.07149579544,41739.47144706032,42597.60808286755,3584731.61856777
2024-10-07,42597.60808286755,42785.30229657093,41110.871193931875,41533.39862399857,4165072.5296270894
2024-10-08,41533.39862399857,42464.64478702327,41140.266875199246,42184.45517754509,4308868.816719526
2024-10-09,42184.45517754509,42790.75110975871,41095.8037395988,41530.51102714081,2025989.1555015647
2024-10-10,41530.51102714081,41724.51030039674,41316.29668271501,41462.46189461879,2958176.3571948023
2024-10-11,41462.46189461879,42067.55215869304,41103.848091119944,41867.73244119043,2281085.6396832946
2024-10-12,41867.73244119043,42077.9501442795,41641.94576034765,41783.91287200739,4739769.242903068
2024-10-13,41783.91287200739,42028.746496927866,40701.0467912356,41195.56149810481,2539652.057749747
2024-10-14,41195.56149810481,41342.21853145977,40317.60496687867,40749.01359015299,3184167.2582261735
2024-10-15,40749.01359015299,42721.29512368611,40323.08517039323,41887.14450306301,3862710.8863779567
2024-10-16,41887.14450306301,42438.8178251234,40865.22302102379,41145.13319557124,2352571.561128281
2024-10-17,41145.13319557124,42086.492903808416,40733.826693178926,41752.43181705569,4469125.127306915
2024-10-18,41752.43181705569,41947.32942701081,41119.76766744794,41443.94152109867,4329083.252860405
2024-10-19,41443.94152109867,42408.36514629145,40984.15037463585,41958.31735856549,3513595.2379108225
2024-10-20,41958.31735856549,42911.34972830131,41597.50034172785,42502.07361012976,4422928.673321222
2024-10-21,42502.07361012976,44408.95496932365,41703.10104876559,43645.46650826583,4096553.855863675
2024-10-22,43645.46650826583,44126.359427328905,42553.40443712672,42798.898942463435,3900231.2268772554
2024-10-23,42798.898942463435,43007.67670809768,42499.37576360987,42602.45815224482,2641829.5175279328
2024-10-24,42602.45815224482,43186.808244682834,41263.31661266008,41861.40033495293,2623587.2727735857
2024-10-25,41861.40033495293,42447.455866443794,41637.616714911506,42240.54083211019,2860425.172138809
2024-10-26,42240.54083211019,42973.11219762945,42016.33911592927,42813.87069777074,3290534.9202466784
2024-10-27,42813.87069777074,43381.20608661598,42416.965200162915,43172.54928397921,3361011.8375783036
2024-10-28,43172.54928397921,44218.07571512253,42992.44041820205,43781.95410099255,2878985.523303326
2024-10-29,43781.95410099255,44344.809847942786,43562.90948137752,44120.585222555834,5646074.186439271
2024-10-30,44120.585222555834,46591.490084737656,43165.96663050919,45832.04943318395,4323583.492178319
2024-10-31,45832.04943318395,46414.8620546579,43803.31662354217,44399.06785372928,7171542.707140299
2024-11-01,44399.06785372928,44763.69982997874,43660.975754290754,44039.874902471245,2989810.6005274043
2024-11-02,44039.874902471245,45331.874616610985,43403.770593923844,44954.613608844054,3673210.781285142
2024-11-03,44954.613608844054,45039.89236255834,44611.92409263449,44828.46542433634,3602408.9182264656
2024-11-04,44828.46542433634,44997.91094893211,44392.48489449202,44481.03978343605,2498904.267055685
2024-11-05,44481.03978343605,44701.415941021856,43471.767074315605,43939.214641683444,3034839.1841108296
2024-11-06,43939.214641683444,45046.05020255499,43532.03521250538,44502.144347786496,2419237.5041142404
2024-11-07,44502.144347786496,45068.969209883246,41877.85081050713,42918.793658799084,3143167.3612688817
2024-11-08,42918.793658799084,43127.042606753166,42384.723894237795,42622.14786783899,2422356.5058569456
2024-11-09,42622.14786783899,42911.0487013316,42325.804310329775,42406.8812150392,3357538.7827155073
2024-11-10,42406.8812150392,42894.33112688162,41733.06702080116,41892.21634190601,3081677.5930214114
2024-11-11,41892.21634190601,42139.46426236541,40962.624974439736,41270.83274822365,3820783.422194346
2024-11-12,41270.83274822365,42729.17671469617,40936.09950098046,42091.600136142304,5363631.999421749
2024-11-13,42091.600136142304,43490.24002465861,41378.05518415971,43127.38633651217,2681759.3535208106
2024-11-14,43127.38633651217,45236.72894822161,42802.886649930086,44485.67347430228,4354189.732598474
2024-11-15,44485.67347430228,44740.758051593635,44325.91787332799,44553.19170352884,2288270.6611004896
2024-11-16,44553.19170352884,44787.633912280144,44107.52058327314,44322.30690813702,2975594.5964511577
2024-11-17,44322.30690813702,46622.232082816256,43718.43328237039,46100.48943752217,3888347.8753942326
2024-11-18,46100.48943752217,46682.32551455672,45929.78053586017,46452.33346744178,2734793.464493183
2024-11-19,46452.33346744178,47227.10081012081,44775.094133024075,45265.4204577611,7506324.697644657
2024-11-20,45265.4204577611,45566.58739312245,44904.74425106878,44990.32733183852,4311844.768917422
2024-11-21,44990.32733183852,45313.49911533833,44786.58613250294,45067.71125874949,3051690.394220224
2024-11-22,45067.71125874949,46389.47611010375,44769.77395789701,45834.715992433885,7422360.322450453
2024-11-23,45834.715992433885,47736.14212282482,44939.65401456682,47040.92260647688,2613254.79622959
2024-11-24,47040.92260647688,47424.90511742481,46884.21858894487,47202.886957158524,3807407.3411201416
2024-11-25,47202.886957158524,47343.799007502756,47065.12565437312,47228.927974369406,2289936.5148846
2024-11-26,47228.927974369406,48421.40641313099,46618.957800304524,48052.415760738324,3265307.1913569933
2024-11-27,48052.415760738324,48111.18232505954,47817.406926774784,48057.69816305172,4851951.769649636
2024-11-28,48057.69816305172,48207.81340617518,47235.037752260796,47564.78421551087,2130588.8038642146
2024-11-29,47564.78421551087,48975.974332465106,47088.64576519979,48377.327307583975,3602440.047054346
2024-11-30,48377.327307583975,50289.58059910462,47479.56468698362,49534.94024990515,3389447.679097638
2024-12-01,49534.94024990515,49989.81565547608,48288.11693363034,48862.43088216819,4503628.749510798
2024-12-02,48862.43088216819,49512.49781217094,48690.38291105935,49179.468475148606,6269368.290374354
2024-12-03,49179.468475148606,51145.09973929104,48089.59661909173,50647.31785492478,3276422.172085252
2024-12-04,50647.31785492478,51328.75486836721,49056.03858404539,49604.372706583774,3818302.466354428
2024-12-05,49604.372706583774,50165.05439477986,49259.710980680946,49811.836196056094,4468638.952150597
2024-12-06,49811.836196056094,50022.723536640864,49326.45588343653,49626.75546156435,2276166.2498014336
2024-12-07,49626.75546156435,54075.198322543634,47803.11589590763,52411.42416547095,4360268.1162642175
2024-12-08,52411.42416547095,55654.3402034767,51111.59072994213,54277.89894001339,3534209.1202148544
2024-12-09,54277.89894001339,55029.6698083789,54163.44597354349,54676.201285694115,3786234.579821606
2024-12-10,54676.201285694115,54893.75560846986,54318.36610790751,54445.02933168706,3381817.665459743
2024-12-11,54445.02933168706,54743.41061740171,53522.349423474225,53898.70525129197,4707248.181613994
2024-12-12,53898.70525129197,54866.00537445592,53565.8441779316,54473.373775845575,3663509.4060530216
2024-12-13,54473.373775845575,55146.54131183781,53317.70902972496,53805.51730586199,3872332.5938621787
2024-12-14,53805.51730586199,54657.836836444054,53446.395764724046,54349.3445451035,2692964.341256619
2024-12-15,54349.3445451035,54533.09563071483,53633.36061128173,53931.18211780083,1753706.6249589701
2024-12-16,53931.18211780083,54269.27059214845,50713.98172977895,51617.50198451717,3358232.3520456296
2024-12-17,51617.50198451717,52131.80121627718,51278.72850115903,51921.1259053376,3787976.93270393
2024-12-18,51921.1259053376,52029.19131450312,51760.50190052934,51883.96768273374,3874139.4999579703
2024-12-19,51883.96768273374,52564.974621455796,50512.865572575654,50730.40691406826,5657061.825262602
2024-12-20,50730.40691406826,51256.218515389206,50334.86436220516,51014.48069980749,2385395.9399629035
2024-12-21,51014.48069980749,51423.91950104126,49156.01836099049,49892.85970654463,6763723.207913616
2024-12-22,49892.85970654463,50940.26451092152,47483.857333633874,48319.27349772952,2303379.373428939
2024-12-23,48319.27349772952,48426.06721307125,47570.1775861946,47852.33764839916,1885606.442792206
2024-12-24,47852.33764839916,49202.518322921904,47141.77446144141,48684.04491285223,1986963.5264631386
2024-12-25,48684.04491285223,49849.644087106135,48235.06399226452,49675.979216512016,5494452.152485833
2024-12-26,49675.979216512016,51577.60604986429,49417.07532955781,50726.98247494631,4518064.061723459
2024-12-27,50726.98247494631,51791.01463572757,50244.41189292171,51513.23627470174,5756495.175526007
2024-12-28,51513.23627470174,51754.0225537582,51446.59834434738,51637.111168628806,4034006.773225866
2024-12-29,51637.111168628806,52032.03223934075,51434.96253112728,51731.65781461468,1900515.7937380774
2024-12-30,51731.65781461468,52022.469272538416,50426.660076526656,50811.11958926142,4073270.197569241
